Order,Line , Status,saw Date ,saw Time ,mill Date ,mill Time ,punch Date ,punch Time ,welding Date ,welding Time ,body_a Date ,body_a Time ,lens Date ,lens Time ,
76116,3,3,-,-,2019-01-28 00:00:00,907,-,-,-,-,-,-,2019-01-28 00:00:00,940,
75685,1,3,-,-,2019-01-28 00:00:00,1003,-,-,-,-,-,-,-,-,
75685,2,3,-,-,2019-01-28 00:00:00,1057,-,-,-,-,-,-,-,-,
75685,3,3,-,-,2019-01-28 00:00:00,873,-,-,-,-,-,-,-,-,
74900,13,3,2019-01-29 00:00:00,2466,-,-,-,-,-,-,-,-,2019-01-30 00:00:00,2642,
75664,2,3,-,-,-,-,-,-,-,-,2019-01-28 00:00:00,0,2019-01-28 00:00:00,105,
75664,12,3,-,-,-,-,-,-,-,-,2019-02-01 00:00:00,6176,-,-,
75690,1,3,2019-01-28 00:00:00,789,-,-,-,-,-,-,2019-01-28 00:00:00,1015,-,-,
75690,2,3,2019-01-28 00:00:00,347,-,-,-,-,-,-,2019-01-28 00:00:00,611,-,-,
75690,3,3,2019-01-28 00:00:00,86,-,-,-,-,-,-,2019-01-28 00:00:00,450,-,-,
75690,4,3,2019-01-29 00:00:00,2361,-,-,-,-,-,-,2019-01-29 00:00:00,2468,-,-,
76873,1,3,-,-,-,-,-,-,2019-01-29 00:00:00,1600,2019-02-01 00:00:00,5637,2019-02-01 00:00:00,5649,
77251,1,3,-,-,-,-,-,-,-,-,2019-02-01 00:00:00,6224,2019-02-01 00:00:00,6251,
77251,2,3,-,-,-,-,-,-,-,-,2019-01-28 00:00:00,770,2019-01-28 00:00:00,773,
77251,3,3,-,-,-,-,-,-,-,-,2019-02-01 00:00:00,5649,2019-02-01 00:00:00,5669,
77251,4,3,-,-,-,-,-,-,-,-,2019-01-31 00:00:00,4266,2019-01-31 00:00:00,4269,
77251,5,3,-,-,-,-,-,-,-,-,2019-02-01 00:00:00,6098,2019-02-01 00:00:00,6101,
77251,6,3,-,-,-,-,-,-,-,-,2019-02-01 00:00:00,6227,2019-02-01 00:00:00,6256,
75595,1,3,2019-01-30 00:00:00,2648,-,-,-,-,-,-,2019-02-01 00:00:00,5808,-,-,
75595,2,3,2019-01-30 00:00:00,3282,-,-,-,-,-,-,2019-02-01 00:00:00,5652,-,-,
75595,3,3,2019-02-01 00:00:00,5406,-,-,-,-,-,-,2019-02-01 00:00:00,5898,-,-,
75595,4,3,2019-02-01 00:00:00,5422,-,-,-,-,-,-,2019-02-01 00:00:00,5910,-,-,
75595,7,3,2019-02-01 00:00:00,5438,-,-,-,-,-,-,2019-02-01 00:00:00,5968,2019-02-01 00:00:00,5971,
75595,5,3,2019-02-01 00:00:00,5396,-,-,-,-,-,-,2019-02-01 00:00:00,5966,-,-,
75595,6,3,2019-01-28 00:00:00,933,-,-,-,-,-,-,2019-01-29 00:00:00,2351,2019-01-29 00:00:00,2455,
77242,3,3,-,-,-,-,-,-,2019-01-29 00:00:00,1639,2019-02-02 00:00:00,6413,2019-02-02 00:00:00,6462,
77242,1,3,-,-,2019-01-28 00:00:00,865,-,-,-,-,-,-,2019-01-28 00:00:00,873,
77242,2,3,-,-,2019-01-28 00:00:00,598,-,-,-,-,-,-,2019-01-28 00:00:00,677,
72675,5,3,-,-,-,-,-,-,-,-,2019-02-02 00:00:00,6419,2019-02-02 00:00:00,6472,
73528,1,3,-,-,2019-01-28 00:00:00,606,2019-01-28 00:00:00,720,-,-,-,-,2019-01-28 00:00:00,722,
77581,1,3,-,-,-,-,-,-,-,-,2019-02-02 00:00:00,6431,-,-,
78114,1,3,-,-,-,-,-,-,-,-,-,-,-,-,
74294,10,3,2019-02-01 00:00:00,5398,-,-,-,-,-,-,2019-02-01 00:00:00,5960,2019-02-01 00:00:00,6022,
74294,11,3,2019-01-29 00:00:00,1743,-,-,-,-,-,-,2019-01-29 00:00:00,2429,2019-01-29 00:00:00,2508,
74294,12,3,2019-01-30 00:00:00,3465,-,-,-,-,-,-,2019-01-30 00:00:00,3705,2019-01-31 00:00:00,4161,
74294,13,3,2019-01-28 00:00:00,491,-,-,-,-,-,-,2019-01-28 00:00:00,548,2019-01-28 00:00:00,568,
74294,14,3,2019-01-28 00:00:00,503,-,-,-,-,-,-,2019-01-28 00:00:00,761,2019-01-28 00:00:00,783,
74294,15,3,2019-01-28 00:00:00,977,-,-,-,-,-,-,2019-01-28 00:00:00,1123,2019-01-28 00:00:00,1147,
74294,16,3,2019-01-29 00:00:00,1795,-,-,-,-,-,-,2019-01-29 00:00:00,2405,2019-01-29 00:00:00,2469,
74294,17,3,2019-01-29 00:00:00,1827,-,-,-,-,-,-,2019-01-29 00:00:00,2160,2019-01-29 00:00:00,2184,
74294,18,3,2019-01-28 00:00:00,1073,-,-,-,-,-,-,2019-01-28 00:00:00,1161,2019-01-28 00:00:00,1186,
74294,19,3,2019-01-29 00:00:00,1638,-,-,-,-,-,-,2019-01-29 00:00:00,1767,2019-01-29 00:00:00,1791,
74294,9,3,2019-01-29 00:00:00,1859,-,-,-,-,-,-,2019-01-29 00:00:00,1966,2019-01-29 00:00:00,1975,
74294,1,3,2019-01-29 00:00:00,1871,-,-,-,-,-,-,2019-01-29 00:00:00,2002,2019-01-29 00:00:00,2020,
74294,4,3,2019-01-30 00:00:00,2720,-,-,-,-,-,-,2019-01-30 00:00:00,3033,2019-01-30 00:00:00,3126,
74294,5,3,2019-01-29 00:00:00,1886,-,-,-,-,-,-,2019-01-29 00:00:00,2135,2019-01-29 00:00:00,2143,
74294,6,3,2019-01-29 00:00:00,1892,-,-,-,-,-,-,2019-01-29 00:00:00,2329,2019-01-29 00:00:00,2340,
74294,7,3,2019-01-29 00:00:00,1901,-,-,-,-,-,-,2019-01-29 00:00:00,2342,2019-01-29 00:00:00,2351,
74294,8,3,2019-01-28 00:00:00,935,-,-,-,-,-,-,2019-01-28 00:00:00,1196,2019-01-28 00:00:00,1225,
75981,20,3,-,-,2019-01-28 00:00:00,915,-,-,-,-,2019-02-01 00:00:00,6232,2019-02-01 00:00:00,6261,
75981,21,3,-,-,2019-01-28 00:00:00,923,-,-,-,-,2019-02-01 00:00:00,5976,2019-02-01 00:00:00,5991,
75981,22,3,-,-,2019-01-28 00:00:00,194,-,-,-,-,2019-01-28 00:00:00,345,2019-01-28 00:00:00,380,
75981,23,3,-,-,2019-01-28 00:00:00,206,-,-,-,-,2019-01-28 00:00:00,362,2019-01-28 00:00:00,395,
75981,24,3,-,-,2019-01-28 00:00:00,0,-,-,-,-,2019-01-28 00:00:00,126,2019-01-28 00:00:00,1047,
75981,25,3,-,-,2019-01-28 00:00:00,40,-,-,-,-,2019-01-28 00:00:00,105,2019-01-28 00:00:00,439,
75981,26,3,-,-,2019-01-28 00:00:00,933,-,-,-,-,2019-01-30 00:00:00,3122,2019-01-30 00:00:00,3164,
75981,27,3,-,-,2019-01-28 00:00:00,961,-,-,-,-,2019-01-29 00:00:00,2249,2019-01-29 00:00:00,2354,
77225,1,3,2019-01-29 00:00:00,1940,-,-,-,-,-,-,2019-01-29 00:00:00,2096,-,-,
75309,5,3,-,-,-,-,-,-,-,-,-,-,-,-,
75309,8,3,-,-,-,-,-,-,2019-01-29 00:00:00,1704,2019-01-29 00:00:00,2366,2019-01-29 00:00:00,2456,
75309,9,3,-,-,-,-,-,-,-,-,-,-,-,-,
75311,6,3,-,-,-,-,-,-,2019-01-28 00:00:00,782,2019-01-28 00:00:00,1210,-,-,
75324,8,3,-,-,-,-,-,-,2019-01-28 00:00:00,159,2019-01-28 00:00:00,782,-,-,
75324,9,3,-,-,-,-,-,-,-,-,-,-,-,-,
75761,10,3,-,-,-,-,-,-,-,-,-,-,-,-,
75761,14,3,-,-,-,-,2019-01-28 00:00:00,42,-,-,2019-02-01 00:00:00,5628,-,-,
75761,7,3,-,-,-,-,-,-,-,-,2019-01-31 00:00:00,4737,-,-,
75907,1,3,-,-,2019-01-28 00:00:00,112,-,-,-,-,2019-01-28 00:00:00,186,-,-,
75907,3,3,-,-,-,-,-,-,-,-,2019-01-31 00:00:00,4794,-,-,
75953,5,3,-,-,2019-01-28 00:00:00,220,-,-,-,-,2019-01-28 00:00:00,331,-,-,
77757,2,3,-,-,-,-,-,-,-,-,2019-01-31 00:00:00,4797,-,-,
77886,1,3,-,-,-,-,-,-,-,-,2019-01-31 00:00:00,4799,-,-,
75910,1,3,2019-01-31 00:00:00,3991,-,-,-,-,-,-,2019-02-02 00:00:00,6327,2019-02-02 00:00:00,6356,
75910,10,3,2019-01-31 00:00:00,3922,-,-,-,-,-,-,2019-02-02 00:00:00,6383,2019-02-02 00:00:00,6413,
75910,11,3,2019-01-30 00:00:00,3513,-,-,-,-,-,-,2019-02-01 00:00:00,6261,2019-02-01 00:00:00,6281,
75910,2,3,2019-01-31 00:00:00,3962,-,-,-,-,-,-,2019-02-02 00:00:00,6309,2019-02-02 00:00:00,6327,
75910,12,3,2019-01-30 00:00:00,2688,-,-,-,-,-,-,2019-02-01 00:00:00,6230,2019-02-02 00:00:00,6318,
75910,3,3,2019-01-30 00:00:00,2690,-,-,-,-,-,-,2019-02-01 00:00:00,6244,2019-02-02 00:00:00,6317,
75910,4,3,2019-01-30 00:00:00,2693,-,-,-,-,-,-,2019-02-01 00:00:00,6259,2019-02-02 00:00:00,6316,
75910,5,3,2019-01-30 00:00:00,2695,-,-,-,-,-,-,2019-02-01 00:00:00,6275,2019-02-02 00:00:00,6306,
75910,6,3,2019-02-01 00:00:00,5442,-,-,-,-,-,-,2019-02-01 00:00:00,6247,2019-02-02 00:00:00,6302,
75910,7,3,2019-01-28 00:00:00,515,-,-,-,-,-,-,2019-01-28 00:00:00,568,2019-01-28 00:00:00,583,
75910,8,3,2019-01-30 00:00:00,2718,-,-,-,-,-,-,2019-02-01 00:00:00,6273,2019-02-02 00:00:00,6301,
75910,9,3,2019-01-29 00:00:00,1952,-,-,-,-,-,-,2019-01-29 00:00:00,2309,2019-01-29 00:00:00,2311,
77456,10,3,-,-,-,-,-,-,2019-01-28 00:00:00,1236,2019-01-29 00:00:00,2042,2019-01-29 00:00:00,2054,
77456,9,3,-,-,-,-,-,-,2019-01-29 00:00:00,1652,2019-01-29 00:00:00,1978,2019-01-29 00:00:00,2271,
77456,11,3,-,-,-,-,-,-,-,-,2019-02-02 00:00:00,6422,-,-,
70963,1,3,-,-,-,-,2019-01-28 00:00:00,0,-,-,2019-02-03 00:00:00,7645,-,-,
70963,2,3,-,-,-,-,2019-01-28 00:00:00,50,-,-,2019-02-03 00:00:00,7637,-,-,
75801,17,3,2019-01-28 00:00:00,53,2019-01-28 00:00:00,140,-,-,-,-,2019-02-03 00:00:00,7596,-,-,
75801,28,3,2019-01-28 00:00:00,215,2019-01-28 00:00:00,246,-,-,-,-,2019-01-28 00:00:00,412,-,-,
75801,42,3,2019-01-28 00:00:00,18,2019-01-28 00:00:00,54,-,-,-,-,-,-,-,-,
75801,50,3,2019-02-01 00:00:00,5360,2019-02-01 00:00:00,5396,-,-,-,-,-,-,-,-,
75801,7,3,2019-01-30 00:00:00,2652,2019-01-30 00:00:00,2688,-,-,-,-,2019-01-30 00:00:00,2975,-,-,
75801,15,3,2019-01-30 00:00:00,2759,-,-,-,-,-,-,2019-01-30 00:00:00,3244,-,-,
75801,25,3,2019-02-01 00:00:00,5452,-,-,-,-,-,-,2019-02-03 00:00:00,7642,-,-,
75801,36,3,2019-01-30 00:00:00,3414,-,-,-,-,-,-,2019-01-31 00:00:00,3802,-,-,
75801,41,3,2019-01-30 00:00:00,3417,-,-,2019-01-30 00:00:00,3465,2019-01-30 00:00:00,3489,2019-01-30 00:00:00,3763,2019-01-31 00:00:00,4274,
75801,49,3,2019-01-30 00:00:00,3529,-,-,-,-,-,-,2019-01-31 00:00:00,3799,-,-,
75801,6,3,2019-01-30 00:00:00,3532,-,-,-,-,-,-,2019-01-30 00:00:00,3752,-,-,
76157,1,3,-,-,-,-,-,-,-,-,2019-02-02 00:00:00,6434,-,-,
76157,4,3,-,-,-,-,-,-,-,-,2019-02-03 00:00:00,7650,-,-,
76157,5,3,-,-,-,-,-,-,-,-,2019-02-03 00:00:00,7653,-,-,
76157,7,3,-,-,-,-,-,-,-,-,2019-02-03 00:00:00,7656,-,-,
76157,8,3,-,-,-,-,-,-,-,-,2019-02-03 00:00:00,7659,-,-,
76668,1,3,-,-,-,-,-,-,-,-,2019-02-01 00:00:00,5751,-,-,
76668,2,3,-,-,-,-,-,-,-,-,2019-02-03 00:00:00,7661,-,-,
76783,3,3,2019-01-31 00:00:00,4027,-,-,-,-,-,-,2019-02-02 00:00:00,6443,2019-02-02 00:00:00,6473,
76884,1,3,2019-01-31 00:00:00,3986,-,-,2019-01-31 00:00:00,3991,-,-,2019-01-31 00:00:00,4260,2019-01-31 00:00:00,4266,
77177,1,3,2019-01-31 00:00:00,4835,-,-,-,-,-,-,2019-02-02 00:00:00,6446,2019-02-02 00:00:00,6474,
77183,1,3,-,-,-,-,-,-,-,-,2019-02-01 00:00:00,5834,-,-,
77420,2,3,2019-01-31 00:00:00,4860,2019-01-31 00:00:00,4864,-,-,-,-,-,-,-,-,
77420,3,3,2019-01-31 00:00:00,4857,2019-01-31 00:00:00,4860,-,-,-,-,-,-,-,-,
77420,1,3,2019-01-29 00:00:00,2358,-,-,2019-01-29 00:00:00,2364,-,-,-,-,-,-,
77682,1,3,-,-,-,-,-,-,-,-,2019-02-01 00:00:00,5828,2019-02-01 00:00:00,5834,
77933,1,3,-,-,-,-,-,-,-,-,2019-02-01 00:00:00,5836,-,-,
77021,1,3,2019-01-31 00:00:00,4880,-,-,-,-,-,-,2019-02-02 00:00:00,6479,2019-02-02 00:00:00,6839,
77157,1,3,2019-01-30 00:00:00,2762,-,-,-,-,-,-,2019-01-30 00:00:00,3226,-,-,
77157,2,3,2019-01-31 00:00:00,4150,-,-,-,-,-,-,2019-01-31 00:00:00,4231,-,-,
77157,3,3,2019-01-31 00:00:00,4054,-,-,-,-,-,-,2019-01-31 00:00:00,4159,-,-,
77157,6,3,2019-01-31 00:00:00,4030,-,-,-,-,-,-,2019-01-31 00:00:00,4120,-,-,
77157,4,3,2019-01-28 00:00:00,941,-,-,-,-,-,-,2019-01-31 00:00:00,4105,-,-,
77157,5,3,2019-01-28 00:00:00,944,-,-,-,-,-,-,2019-01-31 00:00:00,4031,-,-,
77202,1,3,2019-01-28 00:00:00,948,-,-,-,-,-,-,2019-01-30 00:00:00,3027,2019-01-30 00:00:00,3150,
75712,1,3,-,-,-,-,-,-,2019-01-29 00:00:00,2028,2019-01-29 00:00:00,2084,2019-01-29 00:00:00,2096,
76286,3,3,-,-,-,-,-,-,2019-01-29 00:00:00,2067,2019-01-29 00:00:00,2123,2019-01-29 00:00:00,2155,
76286,2,3,-,-,-,-,-,-,-,-,2019-02-02 00:00:00,6304,-,-,
71106,41,3,2019-01-28 00:00:00,956,-,-,-,-,-,-,2019-01-30 00:00:00,3022,2019-01-30 00:00:00,3161,
71106,45,3,-,-,-,-,-,-,-,-,-,-,2019-01-28 00:00:00,0,
71106,46,3,-,-,-,-,-,-,-,-,-,-,2019-01-28 00:00:00,6,
71106,47,3,-,-,-,-,-,-,-,-,-,-,2019-01-28 00:00:00,1241,
71106,48,3,-,-,-,-,-,-,-,-,-,-,2019-01-28 00:00:00,11,
71106,49,3,-,-,-,-,-,-,-,-,-,-,2019-01-28 00:00:00,281,
71106,50,3,-,-,-,-,-,-,-,-,-,-,2019-01-28 00:00:00,960,
71106,51,3,-,-,-,-,-,-,-,-,-,-,2019-01-28 00:00:00,28,
71106,52,3,-,-,-,-,-,-,-,-,-,-,2019-01-28 00:00:00,474,
71106,53,3,2019-01-28 00:00:00,608,-,-,-,-,-,-,2019-01-28 00:00:00,919,2019-01-28 00:00:00,1015,
71106,54,3,2019-01-29 00:00:00,1909,-,-,-,-,-,-,2019-01-29 00:00:00,1928,2019-01-29 00:00:00,1946,
74732,1,3,-,-,2019-01-28 00:00:00,849,-,-,-,-,-,-,2019-01-28 00:00:00,867,
74732,2,3,-,-,-,-,-,-,-,-,-,-,2019-01-28 00:00:00,486,
74732,3,3,-,-,2019-01-28 00:00:00,879,-,-,-,-,-,-,2019-01-28 00:00:00,907,
74732,4,3,-,-,-,-,-,-,-,-,-,-,2019-01-28 00:00:00,1,
77307,1,3,2019-01-28 00:00:00,960,-,-,-,-,-,-,2019-01-31 00:00:00,4254,-,-,
70411,37,3,-,-,2019-01-28 00:00:00,296,-,-,-,-,-,-,2019-01-28 00:00:00,601,
70411,32,3,-,-,-,-,2019-01-28 00:00:00,56,-,-,2019-01-29 00:00:00,2022,-,-,
75231,1,3,-,-,-,-,-,-,-,-,2019-01-31 00:00:00,4249,2019-01-31 00:00:00,4252,
75231,10,3,-,-,-,-,-,-,-,-,2019-01-31 00:00:00,4154,2019-01-31 00:00:00,4159,
75231,11,3,-,-,-,-,-,-,-,-,2019-02-01 00:00:00,6036,2019-02-01 00:00:00,6048,
75231,12,3,-,-,-,-,-,-,-,-,2019-01-31 00:00:00,4111,2019-01-31 00:00:00,4120,
75231,3,3,-,-,-,-,-,-,-,-,2019-01-31 00:00:00,4108,2019-01-31 00:00:00,4115,
75231,4,3,-,-,-,-,-,-,-,-,2019-01-31 00:00:00,3923,2019-01-31 00:00:00,3928,
75231,5,3,-,-,-,-,-,-,-,-,2019-01-31 00:00:00,3916,2019-01-31 00:00:00,3920,
75231,6,3,-,-,-,-,-,-,-,-,2019-01-30 00:00:00,3081,2019-01-30 00:00:00,3120,
75231,7,3,-,-,-,-,-,-,-,-,2019-01-31 00:00:00,3904,2019-01-31 00:00:00,3916,
75231,8,3,-,-,-,-,-,-,-,-,2019-01-31 00:00:00,3874,2019-01-31 00:00:00,3883,
75231,9,3,-,-,-,-,-,-,-,-,2019-01-31 00:00:00,3871,2019-01-31 00:00:00,3874,
75504,17,3,2019-01-28 00:00:00,1009,-,-,-,-,-,-,2019-01-29 00:00:00,1901,2019-01-29 00:00:00,1928,
76406,1,3,-,-,2019-01-28 00:00:00,608,-,-,-,-,-,-,2019-01-28 00:00:00,690,
76406,2,3,-,-,-,-,2019-01-28 00:00:00,82,-,-,2019-01-29 00:00:00,2143,2019-01-29 00:00:00,2152,
76657,1,3,-,-,-,-,-,-,-,-,2019-02-02 00:00:00,6354,-,-,
76947,3,3,-,-,2019-01-28 00:00:00,238,-,-,-,-,-,-,2019-01-28 00:00:00,280,
76947,1,3,2019-01-28 00:00:00,1105,-,-,-,-,-,-,2019-01-29 00:00:00,2184,2019-01-29 00:00:00,2249,
76947,2,3,-,-,-,-,2019-01-28 00:00:00,204,-,-,2019-01-29 00:00:00,2152,-,-,
76947,4,3,2019-01-29 00:00:00,1360,-,-,-,-,-,-,2019-01-29 00:00:00,2105,2019-01-29 00:00:00,2123,
76947,5,3,2019-01-29 00:00:00,1375,-,-,-,-,-,-,2019-01-29 00:00:00,2054,2019-01-29 00:00:00,2084,
76947,6,3,2019-01-28 00:00:00,531,-,-,-,-,-,-,2019-01-28 00:00:00,571,2019-01-28 00:00:00,584,
77381,1,3,-,-,-,-,-,-,-,-,2019-02-02 00:00:00,6473,-,-,
77381,2,3,-,-,-,-,-,-,-,-,2019-02-02 00:00:00,6427,-,-,
77381,3,3,-,-,-,-,-,-,-,-,2019-02-02 00:00:00,6476,-,-,
75644,1,3,2019-01-28 00:00:00,1031,-,-,-,-,2019-01-29 00:00:00,1262,2019-01-29 00:00:00,1583,2019-01-29 00:00:00,1601,
75644,2,3,2019-01-28 00:00:00,10,-,-,-,-,2019-01-28 00:00:00,18,2019-01-29 00:00:00,1862,2019-01-29 00:00:00,1909,
75644,3,3,2019-01-29 00:00:00,1399,-,-,-,-,2019-01-29 00:00:00,1470,2019-01-29 00:00:00,1556,2019-01-29 00:00:00,1650,
77255,2,3,2019-01-28 00:00:00,245,-,-,-,-,2019-01-29 00:00:00,1548,2019-01-29 00:00:00,1607,2019-01-29 00:00:00,1692,
77255,3,3,2019-01-28 00:00:00,269,-,-,-,-,2019-01-28 00:00:00,1210,2019-01-29 00:00:00,1868,2019-01-29 00:00:00,1878,
77255,1,3,2019-01-29 00:00:00,1431,-,-,-,-,-,-,2019-01-29 00:00:00,1856,2019-01-29 00:00:00,1893,
74442,1,3,2019-01-29 00:00:00,1454,-,-,-,-,-,-,2019-01-29 00:00:00,1639,2019-01-29 00:00:00,1689,
74442,10,3,2019-01-29 00:00:00,1460,-,-,-,-,-,-,2019-01-29 00:00:00,1544,2019-01-29 00:00:00,1582,
74442,11,3,2019-01-28 00:00:00,685,-,-,-,-,-,-,2019-01-28 00:00:00,753,2019-01-28 00:00:00,758,
74442,2,3,2019-01-28 00:00:00,707,-,-,-,-,-,-,2019-01-28 00:00:00,719,2019-01-28 00:00:00,736,
74442,5,3,2019-01-29 00:00:00,1489,-,-,-,-,-,-,2019-02-01 00:00:00,5838,2019-02-01 00:00:00,5877,
74442,6,3,2019-01-29 00:00:00,1521,-,-,-,-,-,-,2019-01-31 00:00:00,3838,2019-01-31 00:00:00,3856,
74442,7,3,2019-01-29 00:00:00,1954,-,-,-,-,-,-,2019-02-01 00:00:00,5922,2019-02-01 00:00:00,5978,
74442,8,3,2019-01-28 00:00:00,718,-,-,-,-,-,-,2019-01-28 00:00:00,744,2019-01-28 00:00:00,753,
74442,9,3,2019-01-28 00:00:00,518,-,-,-,-,-,-,2019-01-28 00:00:00,539,2019-01-28 00:00:00,548,
75069,1,3,-,-,2019-01-28 00:00:00,857,-,-,-,-,-,-,2019-01-28 00:00:00,869,
75217,1,3,-,-,-,-,-,-,-,-,2019-02-01 00:00:00,5634,2019-02-01 00:00:00,5637,
75217,2,3,-,-,-,-,-,-,-,-,2019-01-31 00:00:00,3931,2019-01-31 00:00:00,3936,
75217,3,3,-,-,-,-,-,-,-,-,2019-01-31 00:00:00,3928,2019-01-31 00:00:00,3931,
75217,4,3,-,-,-,-,-,-,-,-,-,-,2019-01-28 00:00:00,2,
75217,5,3,-,-,-,-,-,-,-,-,-,-,2019-01-28 00:00:00,8,
75217,6,3,-,-,-,-,-,-,-,-,-,-,2019-01-28 00:00:00,3,
75217,7,3,-,-,-,-,-,-,-,-,-,-,2019-01-28 00:00:00,14,
75217,8,3,-,-,-,-,-,-,-,-,-,-,2019-01-28 00:00:00,16,
75217,9,3,-,-,-,-,-,-,-,-,-,-,2019-01-28 00:00:00,22,
75217,10,3,-,-,-,-,-,-,-,-,-,-,2019-01-28 00:00:00,24,
75859,31,3,-,-,-,-,-,-,-,-,2019-01-28 00:00:00,537,2019-01-28 00:00:00,539,
75859,34,3,-,-,-,-,-,-,-,-,2019-01-31 00:00:00,3918,2019-01-31 00:00:00,3921,
75859,37,3,-,-,-,-,-,-,-,-,2019-01-31 00:00:00,4252,2019-01-31 00:00:00,4254,
75859,40,3,-,-,-,-,-,-,-,-,2019-02-02 00:00:00,6377,2019-02-03 00:00:00,7696,
75859,43,3,-,-,-,-,-,-,-,-,2019-01-31 00:00:00,4063,2019-01-31 00:00:00,4075,
75859,45,3,-,-,-,-,-,-,-,-,2019-01-31 00:00:00,3999,2019-01-31 00:00:00,4027,
75859,47,3,-,-,-,-,-,-,-,-,2019-01-31 00:00:00,3958,2019-01-31 00:00:00,3964,
75859,50,3,-,-,-,-,-,-,-,-,2019-01-30 00:00:00,3166,2019-01-30 00:00:00,3232,
75859,54,3,-,-,-,-,-,-,-,-,2019-01-31 00:00:00,3936,2019-01-31 00:00:00,3941,
75859,88,3,-,-,-,-,2019-01-28 00:00:00,576,-,-,2019-01-28 00:00:00,584,2019-01-28 00:00:00,590,
75859,90,3,-,-,-,-,2019-01-28 00:00:00,742,-,-,2019-02-01 00:00:00,5811,2019-02-01 00:00:00,5819,
75859,92,3,-,-,-,-,2019-01-28 00:00:00,752,-,-,2019-02-01 00:00:00,5819,2019-02-01 00:00:00,5822,
75859,94,3,-,-,-,-,2019-01-28 00:00:00,756,-,-,2019-01-31 00:00:00,4138,2019-01-31 00:00:00,4144,
76222,1,3,-,-,2019-01-28 00:00:00,649,-,-,-,-,2019-01-31 00:00:00,4075,2019-01-31 00:00:00,4105,
76222,3,3,-,-,2019-01-28 00:00:00,1101,-,-,-,-,2019-01-31 00:00:00,3853,2019-01-31 00:00:00,3868,
76222,5,3,-,-,2019-01-28 00:00:00,1121,-,-,-,-,2019-02-01 00:00:00,5613,2019-02-01 00:00:00,5628,
76222,6,3,-,-,2019-01-28 00:00:00,1141,-,-,-,-,2019-01-29 00:00:00,2311,2019-01-29 00:00:00,2329,
76222,7,3,-,-,2019-01-28 00:00:00,1165,-,-,-,-,2019-01-31 00:00:00,4036,2019-01-31 00:00:00,4063,
76222,10,3,-,-,-,-,-,-,-,-,2019-01-29 00:00:00,1975,2019-01-29 00:00:00,1990,
76222,12,3,-,-,-,-,2019-01-28 00:00:00,252,-,-,2019-01-29 00:00:00,1877,2019-01-29 00:00:00,1901,
76222,8,3,-,-,-,-,-,-,-,-,-,-,2019-01-28 00:00:00,4,
76222,9,3,-,-,-,-,-,-,-,-,-,-,2019-01-28 00:00:00,37,
76409,1,3,2019-01-28 00:00:00,1055,-,-,-,-,-,-,2019-01-28 00:00:00,1147,2019-01-28 00:00:00,1230,
76409,2,3,2019-01-28 00:00:00,965,-,-,-,-,-,-,2019-01-31 00:00:00,4144,2019-01-31 00:00:00,4146,
76409,3,3,2019-01-28 00:00:00,726,-,-,-,-,-,-,2019-01-28 00:00:00,776,2019-01-28 00:00:00,781,
76409,4,3,2019-01-28 00:00:00,732,-,-,-,-,-,-,2019-01-28 00:00:00,773,2019-01-28 00:00:00,778,
76409,5,3,2019-01-29 00:00:00,1984,-,-,-,-,-,-,2019-02-01 00:00:00,5889,2019-02-01 00:00:00,5898,
76946,2,3,-,-,-,-,-,-,-,-,2019-01-28 00:00:00,595,2019-01-28 00:00:00,597,
76946,1,3,-,-,-,-,-,-,-,-,-,-,2019-01-28 00:00:00,5,
76954,10,3,-,-,-,-,-,-,-,-,2019-02-02 00:00:00,6839,-,-,
76954,11,3,-,-,-,-,-,-,-,-,2019-02-02 00:00:00,6851,-,-,
76954,17,3,-,-,-,-,-,-,-,-,2019-02-02 00:00:00,6857,-,-,
76954,18,3,-,-,-,-,-,-,-,-,2019-02-02 00:00:00,6887,-,-,
76954,19,3,-,-,-,-,-,-,-,-,2019-02-02 00:00:00,6926,-,-,
76954,20,3,-,-,-,-,-,-,-,-,2019-02-02 00:00:00,6931,-,-,
76954,21,3,-,-,-,-,-,-,-,-,2019-02-02 00:00:00,6934,-,-,
76954,22,3,-,-,-,-,-,-,-,-,2019-02-02 00:00:00,6957,-,-,
76954,23,3,-,-,-,-,-,-,-,-,2019-02-02 00:00:00,6962,-,-,
76954,24,3,-,-,-,-,-,-,-,-,2019-02-02 00:00:00,6986,-,-,
76954,25,3,-,-,-,-,-,-,-,-,2019-02-02 00:00:00,6992,-,-,
76954,7,3,-,-,-,-,-,-,-,-,2019-02-02 00:00:00,6998,-,-,
76954,8,3,-,-,-,-,-,-,-,-,2019-02-02 00:00:00,7007,-,-,
76954,9,3,-,-,-,-,-,-,-,-,2019-02-02 00:00:00,7019,-,-,
76990,1,3,2019-01-29 00:00:00,1533,-,-,-,-,-,-,2019-02-01 00:00:00,5877,-,-,
77058,2,3,-,-,-,-,-,-,-,-,2019-02-02 00:00:00,7520,-,-,
77058,3,3,-,-,-,-,-,-,-,-,2019-02-02 00:00:00,7061,-,-,
77065,1,3,-,-,-,-,-,-,-,-,-,-,-,-,
77065,2,3,-,-,-,-,-,-,-,-,-,-,-,-,
77065,3,3,-,-,-,-,-,-,-,-,-,-,-,-,
77129,1,3,-,-,2019-01-28 00:00:00,242,-,-,-,-,2019-01-28 00:00:00,328,2019-01-28 00:00:00,473,
77129,2,3,-,-,2019-01-28 00:00:00,831,-,-,-,-,2019-01-31 00:00:00,4017,2019-01-31 00:00:00,4033,
77129,3,3,-,-,2019-01-28 00:00:00,200,-,-,-,-,2019-01-28 00:00:00,207,2019-01-28 00:00:00,278,
77138,1,3,2019-01-29 00:00:00,2344,-,-,-,-,-,-,2019-01-29 00:00:00,2354,2019-01-29 00:00:00,2451,
77138,10,3,2019-01-28 00:00:00,526,-,-,-,-,-,-,2019-01-28 00:00:00,531,2019-01-28 00:00:00,537,
77138,11,3,2019-01-30 00:00:00,2786,-,-,-,-,-,-,2019-01-30 00:00:00,3099,2019-01-30 00:00:00,3148,
77138,8,3,2019-01-30 00:00:00,2790,-,-,-,-,-,-,2019-01-31 00:00:00,4146,2019-01-31 00:00:00,4149,
77138,9,3,2019-01-30 00:00:00,2793,-,-,-,-,-,-,2019-01-31 00:00:00,3996,2019-01-31 00:00:00,4041,
77138,2,3,2019-01-28 00:00:00,541,-,-,2019-01-28 00:00:00,624,-,-,2019-02-02 00:00:00,6429,2019-02-02 00:00:00,6483,
77138,3,3,2019-02-01 00:00:00,5455,-,-,2019-02-03 00:00:00,7724,-,-,2019-02-03 00:00:00,7726,2019-02-03 00:00:00,7728,
77138,4,3,2019-01-28 00:00:00,543,-,-,2019-01-28 00:00:00,626,-,-,2019-02-02 00:00:00,7085,2019-02-02 00:00:00,7418,
77138,5,3,2019-01-28 00:00:00,545,-,-,2019-01-28 00:00:00,628,-,-,2019-01-31 00:00:00,3920,2019-01-31 00:00:00,3923,
77138,6,3,2019-02-01 00:00:00,5457,-,-,2019-02-03 00:00:00,7694,-,-,2019-02-03 00:00:00,7702,2019-02-03 00:00:00,7708,
77138,7,3,2019-01-28 00:00:00,548,-,-,2019-01-28 00:00:00,632,-,-,2019-01-31 00:00:00,3868,2019-01-31 00:00:00,3873,
77357,1,3,-,-,2019-01-28 00:00:00,612,-,-,-,-,-,-,2019-01-28 00:00:00,691,
77450,1,3,2019-01-30 00:00:00,2796,-,-,-,-,-,-,2019-02-02 00:00:00,7087,2019-02-02 00:00:00,7419,
77450,2,3,2019-01-30 00:00:00,2798,-,-,-,-,-,-,2019-02-02 00:00:00,7089,2019-02-02 00:00:00,7420,
77768,1,3,-,-,-,-,-,-,-,-,2019-01-29 00:00:00,2020,2019-01-29 00:00:00,2026,
77772,1,3,-,-,-,-,-,-,-,-,2019-02-02 00:00:00,7091,-,-,
78026,1,3,-,-,2019-01-28 00:00:00,689,-,-,-,-,-,-,2019-01-28 00:00:00,831,
78026,2,3,-,-,2019-01-28 00:00:00,616,-,-,-,-,-,-,2019-01-28 00:00:00,682,
71687,1,3,2019-01-29 00:00:00,1992,-,-,-,-,-,-,2019-01-31 00:00:00,3805,2019-01-31 00:00:00,3880,
71687,2,3,2019-01-30 00:00:00,2800,-,-,-,-,-,-,2019-01-30 00:00:00,3755,2019-01-31 00:00:00,3861,
71687,3,3,2019-01-29 00:00:00,1994,-,-,-,-,-,-,2019-01-29 00:00:00,2340,2019-01-29 00:00:00,2344,
71687,4,3,2019-01-29 00:00:00,2457,-,-,-,-,-,-,2019-01-30 00:00:00,3741,2019-01-31 00:00:00,3864,
73125,2,3,-,-,-,-,-,-,-,-,2019-01-30 00:00:00,3169,2019-01-30 00:00:00,3233,
73949,4,3,-,-,-,-,-,-,-,-,2019-02-02 00:00:00,7094,-,-,
77195,2,3,-,-,-,-,-,-,-,-,2019-02-02 00:00:00,7112,2019-02-02 00:00:00,7421,
77786,1,3,-,-,-,-,-,-,-,-,2019-02-02 00:00:00,7115,2019-02-02 00:00:00,7422,
71032,1,3,-,-,-,-,-,-,-,-,2019-02-02 00:00:00,7121,2019-02-02 00:00:00,7424,
71032,2,3,-,-,-,-,-,-,-,-,2019-02-02 00:00:00,7129,2019-02-02 00:00:00,7427,
71032,3,3,-,-,-,-,-,-,-,-,2019-02-02 00:00:00,7131,2019-02-02 00:00:00,7428,
71032,4,3,-,-,-,-,-,-,-,-,2019-02-02 00:00:00,7151,2019-02-02 00:00:00,7435,
71032,5,3,-,-,-,-,-,-,-,-,2019-02-02 00:00:00,7154,2019-02-02 00:00:00,7436,
76645,3,3,-,-,-,-,-,-,-,-,2019-02-02 00:00:00,7156,2019-02-02 00:00:00,7437,
76645,4,3,-,-,-,-,-,-,-,-,2019-02-02 00:00:00,7162,2019-02-02 00:00:00,7439,
76645,1,3,-,-,-,-,2019-01-28 00:00:00,284,-,-,2019-01-28 00:00:00,383,2019-01-28 00:00:00,429,
76645,2,3,-,-,-,-,2019-01-28 00:00:00,194,-,-,2019-01-28 00:00:00,212,2019-01-28 00:00:00,274,
77787,1,3,2019-01-28 00:00:00,738,-,-,-,-,-,-,2019-01-28 00:00:00,856,2019-01-28 00:00:00,919,
77787,2,3,2019-01-28 00:00:00,735,-,-,-,-,-,-,2019-01-28 00:00:00,758,2019-01-28 00:00:00,761,
77787,3,3,2019-01-30 00:00:00,2806,-,-,-,-,-,-,2019-01-30 00:00:00,3164,2019-01-30 00:00:00,3254,
77787,4,3,2019-01-28 00:00:00,559,-,-,-,-,-,-,2019-01-28 00:00:00,566,2019-01-28 00:00:00,588,
74756,16,3,2019-01-28 00:00:00,730,-,-,-,-,-,-,2019-01-28 00:00:00,733,2019-01-28 00:00:00,735,
74756,17,3,2019-01-30 00:00:00,2808,-,-,-,-,-,-,2019-01-31 00:00:00,3955,2019-01-31 00:00:00,3958,
74756,18,3,2019-01-28 00:00:00,561,-,-,-,-,-,-,2019-01-28 00:00:00,597,2019-01-28 00:00:00,600,
74756,19,3,2019-01-28 00:00:00,551,-,-,-,-,-,-,2019-01-28 00:00:00,557,2019-01-28 00:00:00,560,
74756,20,3,2019-01-28 00:00:00,554,-,-,-,-,-,-,2019-01-28 00:00:00,560,2019-01-28 00:00:00,566,
74756,1,3,2019-01-28 00:00:00,564,-,-,2019-01-28 00:00:00,590,-,-,2019-01-28 00:00:00,600,2019-01-28 00:00:00,679,
74756,10,3,2019-01-28 00:00:00,574,-,-,2019-01-28 00:00:00,660,-,-,2019-02-03 00:00:00,7666,2019-02-03 00:00:00,7710,
74756,11,3,2019-01-28 00:00:00,596,-,-,2019-01-28 00:00:00,680,-,-,2019-02-02 00:00:00,7171,2019-02-02 00:00:00,7442,
74756,12,3,2019-01-28 00:00:00,689,-,-,2019-01-28 00:00:00,694,-,-,2019-02-02 00:00:00,7182,2019-02-02 00:00:00,7446,
74756,13,3,2019-01-28 00:00:00,694,-,-,2019-01-28 00:00:00,702,-,-,2019-02-02 00:00:00,7188,2019-02-02 00:00:00,7448,
74756,14,3,2019-01-28 00:00:00,194,-,-,2019-01-28 00:00:00,214,-,-,2019-01-28 00:00:00,220,2019-01-28 00:00:00,277,
74756,15,3,-,-,-,-,-,-,-,-,2019-02-02 00:00:00,7191,2019-02-02 00:00:00,7449,
74756,2,3,2019-01-28 00:00:00,697,-,-,2019-01-28 00:00:00,706,-,-,2019-02-02 00:00:00,7194,2019-02-02 00:00:00,7450,
74756,3,3,2019-01-28 00:00:00,0,-,-,2019-01-28 00:00:00,6,-,-,2019-02-02 00:00:00,7197,2019-02-02 00:00:00,7451,
74756,4,3,2019-01-28 00:00:00,6,-,-,2019-01-28 00:00:00,16,-,-,2019-02-02 00:00:00,7205,2019-02-02 00:00:00,7454,
74756,5,3,2019-01-28 00:00:00,197,-,-,2019-01-28 00:00:00,218,-,-,2019-02-02 00:00:00,7210,2019-02-02 00:00:00,7456,
74756,6,3,2019-01-28 00:00:00,205,-,-,2019-01-28 00:00:00,230,-,-,2019-02-02 00:00:00,7219,2019-02-02 00:00:00,7459,
74756,7,3,2019-01-28 00:00:00,281,-,-,2019-01-28 00:00:00,466,-,-,2019-02-02 00:00:00,7231,2019-02-02 00:00:00,7463,
74756,8,3,2019-01-28 00:00:00,700,-,-,2019-01-28 00:00:00,710,-,-,2019-02-02 00:00:00,7314,2019-02-02 00:00:00,7491,
74756,9,3,2019-01-28 00:00:00,703,-,-,2019-01-28 00:00:00,714,-,-,2019-02-02 00:00:00,7317,2019-02-02 00:00:00,7492,
76467,1,3,2019-01-30 00:00:00,2811,-,-,-,-,-,-,2019-02-02 00:00:00,7322,2019-02-02 00:00:00,7494,
76467,2,3,2019-01-30 00:00:00,2817,-,-,-,-,-,-,2019-02-02 00:00:00,7544,2019-02-03 00:00:00,7577,
76467,3,3,2019-01-30 00:00:00,2844,-,-,-,-,-,-,2019-02-03 00:00:00,7577,2019-02-03 00:00:00,7588,
76467,4,3,2019-01-30 00:00:00,2848,-,-,-,-,-,-,2019-02-03 00:00:00,7582,2019-02-03 00:00:00,7590,
76467,5,3,2019-01-30 00:00:00,2853,-,-,-,-,-,-,2019-02-02 00:00:00,7330,2019-02-02 00:00:00,7497,
76467,6,3,2019-02-01 00:00:00,5462,-,-,-,-,-,-,2019-02-03 00:00:00,7588,2019-02-03 00:00:00,7596,
76467,7,3,2019-01-29 00:00:00,1295,-,-,-,-,-,-,2019-01-29 00:00:00,1374,2019-01-29 00:00:00,1455,
76467,8,3,2019-01-29 00:00:00,1436,-,-,-,-,-,-,2019-01-29 00:00:00,1455,2019-01-29 00:00:00,1482,
76467,9,3,2019-01-30 00:00:00,3270,-,-,-,-,-,-,2019-02-03 00:00:00,7681,2019-02-03 00:00:00,7715,
72049,16,3,2019-01-28 00:00:00,967,-,-,-,-,-,-,2019-01-28 00:00:00,1204,2019-01-28 00:00:00,1228,
72049,4,3,-,-,-,-,-,-,-,-,2019-01-31 00:00:00,4362,-,-,
74694,7,3,-,-,-,-,-,-,-,-,-,-,-,-,
72602,1,3,-,-,-,-,-,-,-,-,2019-01-31 00:00:00,4368,-,-,
72602,2,3,-,-,-,-,-,-,-,-,2019-01-31 00:00:00,4370,-,-,
72602,3,3,-,-,-,-,-,-,-,-,2019-01-31 00:00:00,4372,-,-,
72602,4,3,-,-,-,-,-,-,-,-,2019-01-31 00:00:00,4374,-,-,
72602,5,3,-,-,-,-,-,-,-,-,2019-01-31 00:00:00,4376,-,-,
72602,6,3,-,-,-,-,-,-,-,-,2019-01-31 00:00:00,4378,-,-,
72602,7,3,-,-,-,-,-,-,-,-,2019-01-31 00:00:00,4380,-,-,
72602,8,3,-,-,-,-,-,-,-,-,2019-01-31 00:00:00,4382,-,-,
75093,2,3,2019-01-28 00:00:00,586,-,-,2019-01-28 00:00:00,604,-,-,-,-,-,-,
77443,1,3,-,-,-,-,2019-01-28 00:00:00,322,-,-,-,-,-,-,
77824,1,3,-,-,-,-,2019-01-28 00:00:00,764,-,-,-,-,2019-01-28 00:00:00,798,
78046,1,3,2019-02-01 00:00:00,5468,-,-,-,-,-,-,-,-,-,-,
72293,9,3,2019-01-28 00:00:00,605,-,-,2019-01-28 00:00:00,620,-,-,-,-,-,-,
73753,4,3,-,-,-,-,2019-01-28 00:00:00,800,-,-,2019-01-31 00:00:00,4347,-,-,
74177,1,3,-,-,-,-,-,-,-,-,-,-,2019-01-28 00:00:00,41,
74177,2,3,-,-,-,-,-,-,-,-,-,-,2019-01-28 00:00:00,52,
74177,23,3,-,-,-,-,-,-,-,-,-,-,-,-,
74177,32,3,-,-,-,-,-,-,-,-,-,-,-,-,
74277,2,3,2019-01-29 00:00:00,1465,-,-,-,-,-,-,2019-01-29 00:00:00,1514,-,-,
76897,1,3,2019-01-28 00:00:00,1247,-,-,-,-,2019-01-29 00:00:00,1327,2019-01-29 00:00:00,1478,2019-01-29 00:00:00,1514,
76897,10,3,2019-01-28 00:00:00,972,-,-,-,-,-,-,2019-01-28 00:00:00,1191,-,-,
76897,2,3,2019-01-29 00:00:00,1543,-,-,-,-,-,-,2019-01-29 00:00:00,1580,-,-,
76897,3,3,2019-01-29 00:00:00,1546,-,-,-,-,-,-,2019-01-29 00:00:00,1601,-,-,
76897,4,3,2019-01-29 00:00:00,1549,-,-,-,-,-,-,2019-01-29 00:00:00,1604,-,-,
76897,5,3,2019-01-29 00:00:00,1552,-,-,-,-,-,-,2019-01-29 00:00:00,1625,-,-,
76897,6,3,2019-01-28 00:00:00,1066,-,-,-,-,-,-,2019-01-28 00:00:00,1185,-,-,
76897,7,3,2019-01-28 00:00:00,975,-,-,2019-01-28 00:00:00,977,-,-,2019-01-28 00:00:00,1194,-,-,
76897,8,3,2019-01-29 00:00:00,1556,-,-,2019-01-29 00:00:00,1559,-,-,2019-01-29 00:00:00,1630,-,-,
76897,9,3,2019-01-29 00:00:00,1559,-,-,2019-01-29 00:00:00,1564,-,-,2019-01-29 00:00:00,1633,-,-,
77315,1,3,-,-,-,-,2019-01-28 00:00:00,820,-,-,-,-,-,-,
77603,1,3,2019-02-01 00:00:00,5520,-,-,-,-,-,-,-,-,-,-,
77968,1,3,2019-01-28 00:00:00,1071,-,-,-,-,-,-,2019-01-29 00:00:00,1647,2019-01-29 00:00:00,1649,
77984,1,3,-,-,-,-,2019-01-28 00:00:00,822,-,-,2019-02-03 00:00:00,7696,-,-,
78013,1,3,-,-,-,-,2019-01-28 00:00:00,824,-,-,2019-02-03 00:00:00,7698,-,-,
78013,2,3,-,-,-,-,2019-01-28 00:00:00,826,-,-,2019-02-03 00:00:00,7700,-,-,
78013,3,3,-,-,-,-,2019-01-28 00:00:00,828,-,-,2019-02-03 00:00:00,7708,-,-,
78052,1,3,-,-,-,-,-,-,-,-,2019-02-02 00:00:00,7395,2019-02-02 00:00:00,7519,
78052,2,3,-,-,-,-,-,-,-,-,2019-02-02 00:00:00,7397,2019-02-02 00:00:00,7520,
75966,10,3,2019-01-29 00:00:00,1691,-,-,-,-,-,-,2019-01-29 00:00:00,1791,2019-01-29 00:00:00,1856,
75966,2,3,2019-01-29 00:00:00,1564,-,-,-,-,-,-,2019-01-29 00:00:00,1649,2019-01-29 00:00:00,1741,
75966,3,3,2019-01-29 00:00:00,1670,-,-,-,-,-,-,2019-01-29 00:00:00,1741,2019-01-29 00:00:00,1772,
75966,4,3,2019-01-30 00:00:00,3535,-,-,-,-,-,-,2019-01-31 00:00:00,4540,2019-01-31 00:00:00,4719,
75966,5,3,2019-01-30 00:00:00,3678,-,-,-,-,-,-,2019-01-31 00:00:00,4719,2019-02-03 00:00:00,7720,
75966,6,3,2019-01-30 00:00:00,3718,-,-,-,-,-,-,2019-01-31 00:00:00,4385,2019-02-03 00:00:00,7618,
75966,7,3,2019-01-31 00:00:00,3859,-,-,-,-,-,-,2019-01-31 00:00:00,4269,2019-02-03 00:00:00,7670,
75966,9,3,2019-01-29 00:00:00,1924,-,-,-,-,-,-,2019-01-29 00:00:00,1946,2019-01-29 00:00:00,1966,
75966,8,3,2019-01-31 00:00:00,4174,-,-,-,-,-,-,2019-01-31 00:00:00,4801,2019-02-02 00:00:00,6484,
75966,1,3,2019-01-29 00:00:00,1996,-,-,-,-,-,-,2019-01-30 00:00:00,2540,2019-01-30 00:00:00,2975,
77352,1,3,-,-,-,-,2019-01-28 00:00:00,830,-,-,2019-02-01 00:00:00,6109,-,-,
77455,1,3,-,-,-,-,2019-01-28 00:00:00,834,-,-,2019-02-01 00:00:00,5993,2019-02-01 00:00:00,6021,
77550,1,3,2019-01-31 00:00:00,4822,-,-,2019-01-31 00:00:00,4849,-,-,2019-02-01 00:00:00,6087,-,-,
73502,7,3,2019-02-01 00:00:00,5526,-,-,2019-02-01 00:00:00,5537,-,-,2019-02-01 00:00:00,6112,-,-,
73502,8,3,2019-01-31 00:00:00,4830,-,-,2019-01-31 00:00:00,4841,-,-,2019-02-01 00:00:00,6126,-,-,
76378,8,3,-,-,-,-,2019-01-28 00:00:00,836,-,-,2019-02-01 00:00:00,6137,-,-,
76378,9,3,-,-,-,-,2019-01-28 00:00:00,842,-,-,2019-02-01 00:00:00,6142,-,-,
77006,1,3,-,-,-,-,-,-,-,-,-,-,2019-01-28 00:00:00,45,
77006,2,3,-,-,-,-,-,-,-,-,-,-,2019-01-28 00:00:00,26,
77006,3,3,-,-,-,-,2019-01-28 00:00:00,772,-,-,-,-,2019-01-28 00:00:00,818,
77006,4,3,-,-,-,-,2019-01-28 00:00:00,734,-,-,-,-,2019-01-28 00:00:00,742,
77006,5,3,-,-,-,-,-,-,-,-,-,-,2019-01-28 00:00:00,27,
77006,6,3,-,-,-,-,-,-,-,-,-,-,2019-01-28 00:00:00,33,
77006,7,3,-,-,-,-,-,-,-,-,-,-,2019-01-28 00:00:00,34,
77426,1,3,2019-01-31 00:00:00,4812,-,-,2019-01-31 00:00:00,4825,-,-,2019-02-01 00:00:00,6212,-,-,
77475,1,3,-,-,-,-,-,-,-,-,-,-,2019-01-28 00:00:00,35,
77475,2,3,-,-,-,-,-,-,-,-,-,-,2019-01-28 00:00:00,36,
77642,1,3,-,-,-,-,2019-01-28 00:00:00,850,-,-,2019-02-01 00:00:00,6148,2019-02-01 00:00:00,6150,
76186,1,3,-,-,-,-,-,-,-,-,-,-,2019-01-28 00:00:00,39,
76451,1,3,2019-01-30 00:00:00,2922,-,-,-,-,-,-,2019-01-30 00:00:00,3270,2019-01-30 00:00:00,3705,
76522,1,3,2019-01-31 00:00:00,4862,-,-,-,-,-,-,2019-02-01 00:00:00,6153,2019-02-01 00:00:00,6176,
77052,1,3,-,-,-,-,2019-01-28 00:00:00,722,-,-,2019-01-28 00:00:00,735,-,-,
77052,2,3,-,-,-,-,2019-01-28 00:00:00,852,-,-,2019-02-01 00:00:00,5581,-,-,
77052,3,3,-,-,-,-,2019-01-28 00:00:00,22,2019-01-28 00:00:00,42,2019-01-28 00:00:00,298,2019-01-28 00:00:00,328,
77171,1,3,-,-,-,-,2019-01-28 00:00:00,600,-,-,2019-01-28 00:00:00,608,-,-,
77171,2,3,-,-,-,-,2019-01-28 00:00:00,894,-,-,2019-02-01 00:00:00,6096,-,-,
77655,1,3,2019-01-31 00:00:00,4807,-,-,2019-01-31 00:00:00,4817,-,-,2019-02-01 00:00:00,5995,2019-02-01 00:00:00,6018,
77997,1,3,-,-,-,-,2019-01-28 00:00:00,896,-,-,2019-02-01 00:00:00,6106,-,-,
74129,1,3,-,-,-,-,2019-01-28 00:00:00,900,-,-,2019-02-01 00:00:00,6001,2019-02-01 00:00:00,6016,
74129,2,3,-,-,-,-,2019-01-28 00:00:00,906,-,-,2019-02-01 00:00:00,6101,2019-02-01 00:00:00,6106,
74129,3,3,-,-,-,-,2019-01-28 00:00:00,912,-,-,2019-02-01 00:00:00,6038,2019-02-01 00:00:00,6047,
74129,4,3,-,-,-,-,2019-01-28 00:00:00,916,-,-,2019-02-01 00:00:00,6041,2019-02-01 00:00:00,6046,
74129,5,3,-,-,-,-,2019-01-28 00:00:00,920,-,-,2019-02-01 00:00:00,6079,2019-02-01 00:00:00,6082,
74129,6,3,-,-,-,-,2019-01-28 00:00:00,924,-,-,2019-02-01 00:00:00,5991,2019-02-01 00:00:00,6020,
74129,7,3,-,-,-,-,2019-01-28 00:00:00,246,-,-,2019-02-01 00:00:00,6132,2019-02-01 00:00:00,6137,
74129,8,3,-,-,-,-,2019-01-28 00:00:00,340,-,-,2019-01-28 00:00:00,354,2019-01-28 00:00:00,377,
77070,1,3,-,-,-,-,-,-,-,-,2019-02-01 00:00:00,6150,2019-02-01 00:00:00,6153,
77353,1,3,-,-,-,-,2019-01-28 00:00:00,350,-,-,2019-02-01 00:00:00,6044,2019-02-01 00:00:00,6083,
77353,2,3,-,-,-,-,2019-01-28 00:00:00,396,-,-,2019-02-01 00:00:00,6006,2019-02-01 00:00:00,6036,
77353,3,3,-,-,-,-,2019-01-28 00:00:00,436,-,-,2019-01-30 00:00:00,3104,2019-01-30 00:00:00,3142,
77762,2,3,-,-,-,-,2019-01-28 00:00:00,460,-,-,2019-01-30 00:00:00,3247,2019-01-30 00:00:00,3252,
76941,1,3,2019-01-30 00:00:00,3693,-,-,2019-01-30 00:00:00,3698,-,-,2019-01-31 00:00:00,3821,2019-01-31 00:00:00,3850,
76941,2,3,2019-01-31 00:00:00,4803,-,-,2019-01-31 00:00:00,4811,-,-,2019-02-01 00:00:00,5971,2019-02-01 00:00:00,5976,
76941,3,3,2019-01-30 00:00:00,2905,-,-,2019-01-30 00:00:00,2920,-,-,2019-01-30 00:00:00,3252,2019-01-30 00:00:00,3270,
76941,4,3,2019-01-31 00:00:00,4798,-,-,2019-01-31 00:00:00,4803,-,-,2019-02-01 00:00:00,5822,2019-02-01 00:00:00,5828,
76941,5,3,2019-01-30 00:00:00,3698,-,-,2019-01-30 00:00:00,3707,-,-,2019-01-31 00:00:00,3827,2019-01-31 00:00:00,3852,
76941,6,3,2019-01-30 00:00:00,2920,-,-,2019-01-30 00:00:00,2944,-,-,2019-01-30 00:00:00,3020,2019-01-30 00:00:00,3160,
77258,1,3,-,-,-,-,2019-01-28 00:00:00,94,-,-,2019-01-28 00:00:00,223,2019-01-28 00:00:00,298,
77258,2,3,-,-,-,-,2019-01-28 00:00:00,636,-,-,2019-01-31 00:00:00,3941,2019-01-31 00:00:00,3959,
77258,3,3,-,-,-,-,2019-01-28 00:00:00,654,-,-,2019-01-31 00:00:00,4149,2019-01-31 00:00:00,4154,
77316,1,3,2019-01-28 00:00:00,570,-,-,2019-01-28 00:00:00,584,-,-,2019-01-28 00:00:00,590,2019-01-28 00:00:00,595,
77316,2,3,2019-01-30 00:00:00,3707,-,-,2019-01-30 00:00:00,3721,-,-,2019-01-31 00:00:00,3807,2019-01-31 00:00:00,3875,
77316,3,3,2019-01-29 00:00:00,2354,-,-,2019-01-29 00:00:00,2358,-,-,2019-02-01 00:00:00,6082,2019-02-03 00:00:00,7726,
77316,4,3,2019-01-30 00:00:00,2642,-,-,2019-01-30 00:00:00,2648,-,-,2019-01-31 00:00:00,3988,2019-01-31 00:00:00,4038,
73897,1,3,-,-,-,-,-,-,-,-,2019-02-01 00:00:00,6188,2019-02-01 00:00:00,6212,
73897,2,3,-,-,-,-,-,-,-,-,2019-01-31 00:00:00,3964,2019-01-31 00:00:00,3988,
73897,3,3,-,-,-,-,-,-,-,-,2019-02-02 00:00:00,7399,2019-02-03 00:00:00,7698,
73897,4,3,-,-,-,-,-,-,-,-,2019-01-29 00:00:00,1550,2019-01-29 00:00:00,1572,
70328,1,3,2019-01-28 00:00:00,1157,-,-,-,-,-,-,2019-01-29 00:00:00,1261,2019-01-29 00:00:00,1374,
70328,4,3,2019-02-01 00:00:00,5470,-,-,-,-,-,-,2019-02-02 00:00:00,7405,2019-02-02 00:00:00,7521,
77271,1,4,-,-,2019-01-28 00:00:00,1001,-,-,-,-,-,-,-,-,
74136,2,4,2019-01-31 00:00:00,3842,-,-,-,-,-,-,2019-01-31 00:00:00,3883,2019-01-31 00:00:00,3904,
74136,3,4,2019-02-01 00:00:00,5537,-,-,-,-,-,-,2019-02-02 00:00:00,7467,2019-02-02 00:00:00,7542,
